City_ID,City,Country,Date,Lat,Lng,Max Temp,Humidity,Cloudiness,Wind Speed,Current Description
0,Ushuaia,AR,2022-06-02 18:38:12,-54.8,-68.3,37.06,65,0,1.14,clear sky
1,Aljezur,PT,2022-06-02 18:42:40,37.3191,-8.8033,66.4,76,5,9.24,clear sky
2,Punta Arenas,CL,2022-06-02 18:42:40,-53.15,-70.9167,41.11,75,20,13.8,few clouds
3,Oksfjord,NO,2022-06-02 18:42:41,70.2396,22.3479,62.01,48,82,5.73,broken clouds
4,Hirara,JP,2022-06-02 18:42:41,24.8,125.2833,81.46,88,93,11.48,moderate rain
5,Broome,US,2022-06-02 18:42:42,42.2506,-75.833,76.69,57,0,5.75,clear sky
6,Vaini,TO,2022-06-02 18:42:42,-21.2,-175.2,75.36,94,75,3.44,broken clouds
7,Ewa Beach,US,2022-06-02 18:42:42,21.3156,-158.0072,78.75,68,75,9.22,broken clouds
8,Ratnagiri,IN,2022-06-02 18:42:43,16.9833,73.3,82.6,80,100,6.85,overcast clouds
9,Yerbogachen,RU,2022-06-02 18:42:43,61.2767,108.0108,54.52,60,100,5.1,overcast clouds
10,Byron Bay,AU,2022-06-02 18:41:37,-28.65,153.6167,46.94,81,5,3.15,clear sky
11,Mataura,NZ,2022-06-02 18:42:44,-46.1927,168.8643,46.47,91,100,7.02,overcast clouds
12,Port Hardy,CA,2022-06-02 18:42:15,50.6996,-127.4199,55.58,100,100,5.75,mist
13,Hithadhoo,MV,2022-06-02 18:42:44,-0.6,73.0833,83.19,73,100,10.78,overcast clouds
14,Dikson,RU,2022-06-02 18:42:44,73.5069,80.5464,29.44,87,100,30.96,overcast clouds
15,Rikitea,PF,2022-06-02 18:42:45,-23.1203,-134.9692,77.43,79,47,18.97,scattered clouds
16,Tiksi,RU,2022-06-02 18:42:45,71.6872,128.8694,31.73,96,100,6.11,overcast clouds
17,Port Alfred,ZA,2022-06-02 18:42:46,-33.5906,26.891,57.61,81,1,4.61,clear sky
18,Dingle,PH,2022-06-02 18:42:47,10.9995,122.6711,76.55,89,75,1.68,broken clouds
19,Luderitz,NA,2022-06-02 18:42:47,-26.6481,15.1594,63.84,39,0,2.73,clear sky
20,Camargo,MX,2022-06-02 18:42:48,27.6667,-105.1667,94.06,19,100,8.52,overcast clouds
21,Bluff,NZ,2022-06-02 18:42:48,-46.6,168.3333,46.8,69,100,17.76,overcast clouds
22,Paita,PE,2022-06-02 18:42:48,-5.0892,-81.1144,71.55,67,12,14.27,few clouds
23,Kruisfontein,ZA,2022-06-02 18:42:49,-34.0033,24.7314,50.88,88,0,3.4,clear sky
24,Ilulissat,GL,2022-06-02 18:42:49,69.2167,-51.1,37.42,65,20,8.05,few clouds
25,Klaksvik,FO,2022-06-02 18:42:49,62.2266,-6.589,47.32,86,34,6.8,scattered clouds
26,Aksarka,RU,2022-06-02 18:42:50,66.5606,67.7975,30.04,63,8,21.99,clear sky
27,Araouane,ML,2022-06-02 18:42:50,18.9048,-3.5265,101.07,8,100,10.18,overcast clouds
28,Coquimbo,CL,2022-06-02 18:42:50,-29.9533,-71.3436,60.53,51,0,11.5,clear sky
29,Kokkola,FI,2022-06-02 18:42:51,63.8385,23.1307,55.92,91,100,4.61,overcast clouds
30,Zyryanka,RU,2022-06-02 18:42:51,65.75,150.85,55.29,39,22,7.78,few clouds
31,Thompson,CA,2022-06-02 18:42:52,55.7435,-97.8558,41.16,87,100,11.5,overcast clouds
32,Saint-Augustin,CA,2022-06-02 18:42:52,51.226,-58.6502,49.21,72,100,27.76,overcast clouds
33,Lakatoro,VU,2022-06-02 18:42:52,-16.0999,167.4164,78.15,85,35,5.77,scattered clouds
34,Busselton,AU,2022-06-02 18:42:53,-33.65,115.3333,56.98,71,100,7.81,overcast clouds
35,Airai,TL,2022-06-02 18:42:53,-8.9266,125.4092,59.99,94,75,0.92,broken clouds
36,Chara,RU,2022-06-02 18:42:53,56.9064,118.2631,49.1,76,54,2.95,broken clouds
37,Cape Town,ZA,2022-06-02 18:42:54,-33.9258,18.4232,59.92,74,0,5.99,clear sky
38,Hobart,AU,2022-06-02 18:40:07,-42.8794,147.3294,47.23,83,100,8.05,overcast clouds
39,Kavieng,PG,2022-06-02 18:42:54,-2.5744,150.7967,80.76,71,82,8.41,broken clouds
40,Kaitangata,NZ,2022-06-02 18:42:55,-46.2817,169.8464,46.11,85,100,15.01,overcast clouds
41,Magburaka,SL,2022-06-02 18:42:55,8.7167,-11.95,78.91,86,46,6.69,light rain
42,New Norfolk,AU,2022-06-02 18:42:55,-42.7826,147.0587,46.89,82,100,2.71,light rain
43,Maningrida,AU,2022-06-02 18:42:56,-12.0667,134.2667,72.09,95,18,8.1,few clouds
44,Olafsvik,IS,2022-06-02 18:42:56,64.8945,-23.7142,47.28,83,100,12.64,light rain
45,Lompoc,US,2022-06-02 18:40:14,34.6391,-120.4579,88.02,65,0,11.5,clear sky
46,Inhambane,MZ,2022-06-02 18:43:57,-23.865,35.3833,66.18,94,40,9.22,scattered clouds
47,Svetlaya,RU,2022-06-02 18:43:57,46.5389,138.3297,44.15,95,100,13.04,overcast clouds
48,Tuktoyaktuk,CA,2022-06-02 18:43:58,69.4541,-133.0374,33.8,86,100,13.8,mist
49,Georgetown,MY,2022-06-02 18:41:37,5.4112,100.3354,82.33,88,20,0.0,few clouds
50,Alta Floresta,BR,2022-06-02 18:43:58,-9.8756,-56.0861,96.62,44,40,4.61,scattered clouds
51,Arlit,NE,2022-06-02 18:43:59,18.7369,7.3853,97.68,8,84,10.07,broken clouds
52,Kousseri,CM,2022-06-02 18:43:59,12.0769,15.0306,96.58,10,0,6.29,clear sky
53,Playas,EC,2022-06-02 18:43:59,-2.6333,-80.3833,75.6,75,20,13.65,few clouds
54,Butaritari,KI,2022-06-02 18:44:00,3.0707,172.7902,81.0,68,59,4.81,broken clouds
55,Comodoro Rivadavia,AR,2022-06-02 18:44:00,-45.8667,-67.5,48.06,43,0,13.8,clear sky
56,Torbay,CA,2022-06-02 18:43:16,47.6666,-52.7314,43.75,95,100,23.02,fog
57,Namibe,AO,2022-06-02 18:44:01,-15.1961,12.1522,72.63,81,4,7.92,clear sky
58,Pacific Grove,US,2022-06-02 18:44:01,36.6177,-121.9166,74.25,82,0,11.5,clear sky
59,Ahuimanu,US,2022-06-02 18:44:02,21.4447,-157.8378,78.51,77,75,10.36,broken clouds
60,Dunedin,NZ,2022-06-02 18:44:02,-45.8742,170.5036,46.8,72,100,15.01,overcast clouds
61,Pisco,PE,2022-06-02 18:44:02,-13.7,-76.2167,65.01,82,20,9.22,mist
62,Jamestown,US,2022-06-02 18:42:07,42.097,-79.2353,74.52,56,0,13.8,clear sky
63,Bondoukou,CI,2022-06-02 18:44:03,8.0333,-2.8,81.3,65,11,5.39,few clouds
64,Albany,US,2022-06-02 18:42:13,42.6001,-73.9662,75.88,65,100,6.96,overcast clouds
65,Artvin,TR,2022-06-02 18:44:03,41.1667,41.8333,66.99,75,100,5.35,overcast clouds
66,Nikolskoye,RU,2022-06-02 18:44:04,59.7035,30.7861,62.49,66,98,4.52,overcast clouds
67,Fairbanks,US,2022-06-02 18:44:04,64.8378,-147.7164,70.48,41,40,4.61,scattered clouds
68,Marzuq,YE,2022-06-02 18:44:05,14.4,46.4667,77.63,41,14,3.51,few clouds
69,Necochea,AR,2022-06-02 18:44:05,-38.5473,-58.7368,47.39,63,88,3.83,overcast clouds
70,Harer,ET,2022-06-02 18:44:05,9.3094,42.1258,59.5,83,12,6.24,few clouds
71,Phuket,TH,2022-06-02 18:44:06,8.0,98.25,86.09,89,20,4.61,few clouds
72,Kieta,PG,2022-06-02 18:44:06,-6.2167,155.6333,76.71,86,8,2.57,clear sky
73,Mar Del Plata,AR,2022-06-02 18:42:59,-38.0023,-57.5575,53.1,56,40,4.61,scattered clouds
74,Ridgetown,CA,2022-06-02 18:44:07,42.4334,-81.8998,57.06,58,100,8.7,overcast clouds
75,Hilo,US,2022-06-02 18:44:07,19.7297,-155.09,87.28,65,20,5.75,few clouds
76,San Patricio,US,2022-06-02 18:44:07,28.017,-97.5169,94.15,33,4,10.0,clear sky
77,Tam Ky,VN,2022-06-02 18:44:08,15.5667,108.4833,77.83,90,100,4.81,overcast clouds
78,Half Moon Bay,US,2022-06-02 18:44:08,37.4636,-122.4286,81.88,70,75,16.11,mist
79,Fez,MA,2022-06-02 18:40:15,34.0372,-4.9998,75.45,53,75,4.61,broken clouds
80,Saskylakh,RU,2022-06-02 18:44:09,71.9167,114.0833,34.75,95,100,3.67,overcast clouds
81,Faya,SA,2022-06-02 18:44:09,18.3851,42.4509,78.91,14,2,10.83,clear sky
82,Takaka,NZ,2022-06-02 18:44:10,-40.85,172.8,49.55,85,3,3.38,clear sky
83,Longyearbyen,SJ,2022-06-02 18:42:29,78.2186,15.6401,48.04,66,0,18.41,clear sky
84,Roma,US,2022-06-02 18:44:10,43.2128,-75.4557,72.95,69,20,5.75,few clouds
85,Berlevag,NO,2022-06-02 18:44:11,70.8578,29.0864,58.8,81,0,19.57,clear sky
86,Zhangye,CN,2022-06-02 18:44:11,38.9342,100.4517,63.09,65,100,3.18,overcast clouds
87,Atuona,PF,2022-06-02 18:44:12,-9.8,-139.0333,78.78,71,6,19.51,clear sky
88,Chifeng,CN,2022-06-02 18:44:12,42.2683,118.9636,75.24,23,100,13.58,overcast clouds
89,Lebu,CL,2022-06-02 18:44:12,-37.6167,-73.65,53.94,61,100,14.88,overcast clouds
90,Tangkak,MY,2022-06-02 18:44:13,2.2673,102.5453,76.87,90,99,0.85,overcast clouds
91,Hakkari,TR,2022-06-02 18:44:13,37.5833,44.1667,62.38,51,40,1.14,scattered clouds
92,Hofn,IS,2022-06-02 18:45:13,64.2539,-15.2082,50.59,82,100,14.79,overcast clouds
93,Portland,US,2022-06-02 18:43:28,45.5234,-122.6762,71.92,72,75,5.01,broken clouds
94,Saint-Pierre,RE,2022-06-02 18:45:14,-21.3393,55.4781,69.48,73,20,8.05,few clouds
95,Sain Alto,MX,2022-06-02 18:45:14,23.5833,-103.25,83.26,24,4,9.75,clear sky
96,Saint Anthony,US,2022-06-02 18:45:15,45.0205,-93.218,77.25,28,0,18.41,clear sky
97,Sao Filipe,CV,2022-06-02 18:45:15,14.8961,-24.4956,76.93,71,71,11.52,broken clouds
98,Chokurdakh,RU,2022-06-02 18:45:16,70.6333,147.9167,34.59,76,89,9.06,overcast clouds
99,Wanaka,NZ,2022-06-02 18:45:16,-44.7,169.15,48.11,62,97,5.01,overcast clouds
100,Puerto Ayora,EC,2022-06-02 18:44:58,-0.7393,-90.3518,76.96,95,83,10.0,broken clouds
101,Faanui,PF,2022-06-02 18:45:17,-16.4833,-151.75,78.76,78,100,13.87,light rain
102,East London,ZA,2022-06-02 18:45:17,-33.0153,27.9116,54.54,87,0,5.75,clear sky
103,Hasaki,JP,2022-06-02 18:45:18,35.7333,140.8333,63.28,83,85,14.16,overcast clouds
104,Saint-Philippe,RE,2022-06-02 18:45:18,-21.3585,55.7679,69.39,80,0,5.66,clear sky
105,Malpe,IN,2022-06-02 18:45:19,13.35,74.7167,81.7,81,100,4.81,overcast clouds
106,Ilebo,CD,2022-06-02 18:45:19,-4.3167,20.5833,76.15,70,41,1.7,light rain
107,Khatanga,RU,2022-06-02 18:45:19,71.9667,102.5,47.91,68,91,8.81,overcast clouds
108,Esperance,AU,2022-06-02 18:41:00,-33.8667,121.9,57.47,73,100,15.77,overcast clouds
109,Seoul,KR,2022-06-02 18:45:20,37.5683,126.9778,65.77,79,75,4.61,broken clouds
110,Port Elizabeth,ZA,2022-06-02 18:45:20,-33.918,25.5701,53.1,91,0,4.61,clear sky
111,Udachnyy,RU,2022-06-02 18:45:20,66.4167,112.4,52.45,66,94,4.92,overcast clouds
112,Hit,IQ,2022-06-02 18:45:21,33.6416,42.8251,97.03,8,100,2.64,overcast clouds
113,Figeac,FR,2022-06-02 18:45:21,44.75,1.9167,79.18,85,91,6.4,overcast clouds
114,Pochutla,MX,2022-06-02 18:45:22,15.7432,-96.4661,87.82,65,97,6.26,overcast clouds
115,Castro,BR,2022-06-02 18:45:22,-24.7911,-50.0119,59.74,94,100,3.11,moderate rain
116,Avera,US,2022-06-02 18:45:23,33.194,-82.5271,94.55,25,6,7.23,clear sky
117,Cuencame,MX,2022-06-02 18:45:23,24.8711,-103.6964,88.34,23,5,8.05,clear sky
118,Tsumeb,NA,2022-06-02 18:45:24,-19.2333,17.7167,56.84,35,5,10.38,clear sky
119,Tagusao,PH,2022-06-02 18:45:25,9.1924,117.8141,79.66,81,100,3.98,overcast clouds
120,Huangnihe,CN,2022-06-02 18:45:25,43.5583,128.0239,47.8,90,100,2.42,overcast clouds
121,Mahebourg,MU,2022-06-02 18:45:26,-20.4081,57.7,73.69,78,75,5.75,broken clouds
122,Bredasdorp,ZA,2022-06-02 18:45:26,-34.5322,20.0403,53.02,78,5,3.11,clear sky
123,Port Augusta,AU,2022-06-02 18:45:26,-32.5,137.7667,50.85,86,100,8.32,overcast clouds
124,Harper,LR,2022-06-02 18:45:27,4.375,-7.7169,78.76,85,70,7.76,broken clouds
125,Provideniya,RU,2022-06-02 18:45:27,64.3833,-173.3,43.38,79,28,4.88,scattered clouds
126,Noumea,NC,2022-06-02 18:45:27,-22.2763,166.4572,73.0,99,100,4.47,overcast clouds
127,Bethel,US,2022-06-02 18:44:37,41.3712,-73.414,76.15,79,100,1.01,overcast clouds
128,Ancud,CL,2022-06-02 18:45:28,-41.8697,-73.8203,46.22,65,100,6.17,overcast clouds
129,Asau,RO,2022-06-02 18:45:28,46.4333,26.4,76.12,85,100,6.35,overcast clouds
130,Qaanaaq,GL,2022-06-02 18:45:29,77.484,-69.3632,30.42,82,98,10.2,overcast clouds
131,Mehamn,NO,2022-06-02 18:45:29,71.0357,27.8492,46.31,64,16,12.08,few clouds
132,Zhigansk,RU,2022-06-02 18:45:29,66.7697,123.3711,46.53,91,6,7.61,clear sky
133,Lagoa,PT,2022-06-02 18:45:30,39.05,-27.9833,63.01,93,28,9.17,scattered clouds
134,Kibala,TD,2022-06-02 18:45:31,9.1104,18.3463,84.15,74,0,0.0,clear sky
135,Wageningen,NL,2022-06-02 18:45:31,51.9667,5.6667,64.78,51,100,4.61,overcast clouds
136,Antofagasta,CL,2022-06-02 18:45:05,-23.65,-70.4,67.21,52,5,8.9,clear sky
137,Balkhash,KZ,2022-06-02 18:45:32,46.844,74.9804,67.14,33,13,6.78,few clouds
138,Umm Lajj,SA,2022-06-02 18:46:32,25.0213,37.2685,87.8,42,100,7.4,overcast clouds
139,Pevek,RU,2022-06-02 18:46:33,69.7008,170.3133,32.86,96,100,7.94,snow
140,Valley City,US,2022-06-02 18:46:33,46.9233,-98.0032,68.52,30,0,24.16,clear sky
141,Suez,EG,2022-06-02 18:46:34,29.9737,32.5263,80.53,31,0,4.18,clear sky
142,Tasiilaq,GL,2022-06-02 18:46:34,65.6145,-37.6368,35.76,90,76,2.68,broken clouds
143,Upernavik,GL,2022-06-02 18:46:34,72.7868,-56.1549,30.96,63,100,1.63,overcast clouds
144,Kaseda,JP,2022-06-02 18:46:35,31.4167,130.3167,66.24,87,72,4.63,broken clouds
145,North Battleford,CA,2022-06-02 18:46:35,52.7834,-108.2847,64.49,25,0,14.97,clear sky
146,Kodiak,US,2022-06-02 18:46:35,57.79,-152.4072,65.71,34,75,8.05,broken clouds
147,Waipawa,NZ,2022-06-02 18:46:36,-41.4122,175.5153,49.62,89,90,6.89,overcast clouds
148,Goderich,CA,2022-06-02 18:46:36,43.7501,-81.7165,54.91,71,16,3.44,few clouds
149,Onega,RU,2022-06-02 18:46:36,63.9061,38.1404,59.07,93,100,6.35,overcast clouds
150,Trogir,HR,2022-06-02 18:46:37,43.5125,16.2517,80.65,47,0,3.44,clear sky
151,Vardo,NO,2022-06-02 18:46:37,70.3705,31.1107,44.58,81,0,5.75,clear sky
152,Micomeseng,GQ,2022-06-02 18:46:38,2.1462,10.6164,70.16,98,99,2.13,overcast clouds
153,Lisa,RO,2022-06-02 18:46:38,43.8,25.1333,76.03,48,15,2.08,few clouds
154,Rio Cauto,CU,2022-06-02 18:46:38,20.5603,-76.9161,93.51,42,98,1.61,overcast clouds
155,Huntingdon,GB,2022-06-02 18:46:39,52.3305,-0.1865,63.93,57,52,8.01,broken clouds
156,Bengkulu,ID,2022-06-02 18:46:39,-3.8004,102.2655,74.7,90,36,3.69,scattered clouds
157,Ribeira Grande,PT,2022-06-02 18:46:39,38.5167,-28.7,68.4,77,20,11.5,few clouds
158,Labuhan,ID,2022-06-02 18:46:40,-6.8844,112.2051,77.13,85,52,8.63,broken clouds
159,Aasiaat,GL,2022-06-02 18:46:40,68.7098,-52.8699,33.67,74,35,6.71,scattered clouds
160,Lima,PE,2022-06-02 18:43:27,-12.0432,-77.0282,69.39,77,75,6.91,broken clouds
161,Nanakuli,US,2022-06-02 18:46:41,21.3906,-158.1547,78.75,62,75,4.61,broken clouds
162,Hermanus,ZA,2022-06-02 18:46:41,-34.4187,19.2345,57.22,73,3,6.33,clear sky
163,Aniche,FR,2022-06-02 18:46:42,50.33,3.2535,67.96,66,4,7.9,clear sky
164,Sarangani,PH,2022-06-02 18:46:42,5.4033,125.4636,82.56,74,100,4.59,overcast clouds
165,Mirwah,YE,2022-06-02 18:46:42,13.9228,43.9176,78.96,52,83,3.29,broken clouds
166,Vao,NC,2022-06-02 18:46:43,-22.6667,167.4833,72.43,64,100,9.42,overcast clouds
167,Ust-Kuyga,RU,2022-06-02 18:46:43,70.0167,135.6,40.19,80,100,4.21,overcast clouds
168,Kupang,ID,2022-06-02 18:46:43,-10.1667,123.5833,77.09,88,89,4.52,overcast clouds
169,Turukhansk,RU,2022-06-02 18:46:44,65.8167,87.9833,38.88,71,100,16.69,overcast clouds
170,That Phanom,TH,2022-06-02 18:46:44,16.9364,104.7104,78.31,86,100,6.53,light rain
171,Nampa,US,2022-06-02 18:46:45,43.5407,-116.5635,79.84,37,0,12.66,clear sky
172,Halayhay,PH,2022-06-02 18:46:45,14.3739,120.8133,83.19,79,100,5.53,overcast clouds
173,Muravlenko,RU,2022-06-02 18:46:45,63.7898,74.523,30.22,83,93,23.53,overcast clouds
174,Nyurba,RU,2022-06-02 18:46:46,63.2842,118.3319,51.01,73,10,5.08,clear sky
175,Kerchevskiy,RU,2022-06-02 18:46:46,59.946,56.2884,54.52,94,37,4.56,scattered clouds
176,Itaituba,BR,2022-06-02 18:46:47,-4.2761,-55.9836,89.76,62,40,3.44,scattered clouds
177,Mormugao,IN,2022-06-02 18:46:47,15.4,73.8,76.26,88,75,6.91,broken clouds
178,Clyde River,CA,2022-06-02 18:46:47,70.4692,-68.5914,44.83,65,75,6.91,broken clouds
179,Miram Shah,PK,2022-06-02 18:46:48,33.0086,70.0697,80.13,17,3,4.05,clear sky
180,Batagay-Alyta,RU,2022-06-02 18:46:48,67.8006,130.4114,40.14,94,100,3.24,overcast clouds
181,Baie-Comeau,CA,2022-06-02 18:46:48,49.2168,-68.1489,55.08,54,0,6.91,clear sky
182,Warwick,US,2022-06-02 18:41:57,41.7001,-71.4162,76.75,71,75,6.91,broken clouds
183,Avarua,CK,2022-06-02 18:46:49,-21.2078,-159.775,75.25,64,99,14.97,overcast clouds
184,Tarazona,ES,2022-06-02 18:47:49,41.9,-1.7333,85.82,30,100,12.5,overcast clouds
185,Maneadero,MX,2022-06-02 18:47:50,31.7167,-116.5667,68.11,77,16,3.0,few clouds
186,Egvekinot,RU,2022-06-02 18:47:50,66.3167,-179.1667,34.32,84,77,7.09,broken clouds
187,Bandarbeyla,SO,2022-06-02 18:47:51,9.4942,50.8122,78.87,80,49,30.65,scattered clouds
188,Barrow,US,2022-06-02 18:47:51,71.2906,-156.7887,24.82,86,100,8.05,overcast clouds
189,Talcahuano,CL,2022-06-02 18:45:15,-36.7167,-73.1167,55.08,62,75,11.5,broken clouds
190,Algeciras,ES,2022-06-02 18:45:17,36.1333,-5.4505,71.28,64,20,16.11,few clouds
191,Iqaluit,CA,2022-06-02 18:47:52,63.7506,-68.5145,40.73,65,20,3.44,few clouds
192,Flin Flon,CA,2022-06-02 18:47:52,54.7682,-101.865,40.84,75,75,20.71,broken clouds
193,Adrar,MR,2022-06-02 18:47:52,20.5022,-10.0711,97.59,17,100,14.97,overcast clouds
194,Naryan-Mar,RU,2022-06-02 18:47:53,67.6713,53.087,41.02,39,6,14.12,clear sky
195,Iyo,JP,2022-06-02 18:47:53,33.7514,132.7014,65.41,66,0,4.79,clear sky
196,Itarema,BR,2022-06-02 18:47:54,-2.9248,-39.9167,79.77,85,100,9.37,light rain
197,Rameshki,RU,2022-06-02 18:47:54,57.3439,36.0453,59.58,95,71,2.71,broken clouds
198,Svetlogorsk,BY,2022-06-02 18:47:54,52.6333,29.7333,56.21,97,100,7.9,overcast clouds
199,Carnarvon,AU,2022-06-02 18:47:55,-24.8667,113.6333,63.18,48,0,15.61,clear sky
200,Zalantun,CN,2022-06-02 18:47:55,48.0,122.7167,54.84,80,97,3.04,overcast clouds
201,Kapaa,US,2022-06-02 18:47:56,22.0752,-159.319,79.12,81,40,8.05,scattered clouds
202,Asfi,MA,2022-06-02 18:47:56,32.2994,-9.2372,68.43,73,0,8.81,clear sky
203,San Quintin,MX,2022-06-02 18:47:56,30.4833,-115.95,68.16,65,2,10.6,clear sky
204,Cockburn Town,TC,2022-06-02 18:47:57,21.4612,-71.1419,80.55,77,100,14.88,overcast clouds
205,Koryazhma,RU,2022-06-02 18:47:57,61.3143,47.1691,61.54,75,47,3.29,scattered clouds
206,Kijang,KR,2022-06-02 18:47:58,35.2442,129.2139,65.93,74,2,4.74,clear sky
207,Usinsk,RU,2022-06-02 18:47:58,65.9939,57.5281,40.19,38,0,14.34,clear sky
208,Maarianhamina,AX,2022-06-02 18:47:58,60.0973,19.9348,49.86,93,20,9.22,few clouds
209,Vanavara,RU,2022-06-02 18:47:59,60.34,102.2797,48.58,97,88,7.34,overcast clouds
210,Nanortalik,GL,2022-06-02 18:47:59,60.1432,-45.2371,40.55,79,17,1.68,few clouds
211,Cherskiy,RU,2022-06-02 18:48:00,68.75,161.3,39.45,71,100,12.01,overcast clouds
212,Yuanping,CN,2022-06-02 18:48:00,38.7153,112.7575,67.37,40,89,0.27,overcast clouds
213,Wagar,SD,2022-06-02 18:48:00,16.1525,36.2032,97.36,9,93,17.27,overcast clouds
214,Buchanan,LR,2022-06-02 18:48:01,5.8808,-10.0467,79.27,85,100,8.12,light rain
215,Skjervoy,NO,2022-06-02 18:48:01,70.0311,20.9714,62.6,60,40,11.65,scattered clouds
216,Grand Gaube,MU,2022-06-02 18:48:01,-20.0064,57.6608,73.8,77,9,5.01,clear sky
217,Lerwick,GB,2022-06-02 18:48:02,60.1545,-1.1494,51.8,80,14,12.91,few clouds
218,Shubarkuduk,KZ,2022-06-02 18:48:02,49.1447,56.4872,65.37,49,0,6.67,clear sky
219,Rocha,UY,2022-06-02 18:44:26,-34.4833,-54.3333,48.94,63,100,9.51,overcast clouds
220,Qui Nhon,VN,2022-06-02 18:46:45,13.7667,109.2333,79.25,80,100,5.3,overcast clouds
221,Cabo San Lucas,MX,2022-06-02 18:45:30,22.8909,-109.9124,84.61,67,4,11.45,clear sky
222,Wladyslawowo,PL,2022-06-02 18:48:24,54.7909,18.4009,58.55,81,12,13.51,few clouds
223,Bay Roberts,CA,2022-06-02 18:48:24,47.5999,-53.2648,44.51,90,100,10.0,overcast clouds
224,Vredendal,ZA,2022-06-02 18:48:25,-31.6683,18.5012,57.25,39,0,2.95,clear sky
225,Yerofey Pavlovich,RU,2022-06-02 18:48:25,53.9667,121.9667,45.23,92,100,4.68,overcast clouds
226,Dasoguz,TM,2022-06-02 18:48:26,41.8363,59.9666,73.35,35,0,16.11,clear sky
227,Northam,GB,2022-06-02 18:48:26,51.0333,-4.2167,61.66,77,13,3.91,few clouds
228,Leningradskiy,RU,2022-06-02 18:48:27,69.3833,178.4167,55.33,39,100,14.5,overcast clouds
229,Oltu,TR,2022-06-02 18:48:27,40.5498,42.0013,60.55,81,100,4.05,overcast clouds
230,Manono,CD,2022-06-02 18:49:28,-7.3,27.4167,73.78,48,2,5.14,clear sky
231,Bambous Virieux,MU,2022-06-02 18:49:28,-20.3428,57.7575,73.65,78,75,5.75,broken clouds
232,Bontang,ID,2022-06-02 18:49:28,0.1333,117.5,78.87,84,100,1.12,overcast clouds
233,Santa Cruz,BO,2022-06-02 18:49:29,-17.8,-63.1667,65.66,55,75,17.27,broken clouds
234,Severo-Kurilsk,RU,2022-06-02 18:49:29,50.6789,156.125,42.4,90,100,5.12,light rain
235,Rexburg,US,2022-06-02 18:49:07,43.826,-111.7897,73.42,32,0,5.75,clear sky
236,Boa Vista,BR,2022-06-02 18:49:30,2.8197,-60.6733,84.18,70,75,9.22,broken clouds
237,Tabou,CI,2022-06-02 18:49:30,4.423,-7.3528,79.11,84,75,7.65,broken clouds
238,Mezen,RU,2022-06-02 18:49:30,65.8522,44.24,60.49,52,13,8.95,few clouds
239,Sistranda,NO,2022-06-02 18:49:31,63.7256,8.834,51.76,91,31,8.79,scattered clouds
240,Buala,SB,2022-06-02 18:49:31,-8.145,159.5921,79.65,83,100,7.52,light rain
241,Ulladulla,AU,2022-06-02 18:49:31,-35.35,150.4667,46.92,78,100,6.31,overcast clouds
242,Tshane,BW,2022-06-02 18:49:32,-24.0196,21.8684,55.78,31,0,8.93,clear sky
243,Poya,NC,2022-06-02 18:48:15,-21.35,165.15,67.98,84,100,4.97,overcast clouds
244,Babu,CN,2022-06-02 18:49:32,24.4167,111.5167,76.15,94,63,3.38,broken clouds
245,Tazovskiy,RU,2022-06-02 18:49:33,67.4667,78.7,30.72,94,99,17.63,overcast clouds
246,Norman Wells,CA,2022-06-02 18:49:33,65.282,-126.8329,68.04,40,75,8.05,broken clouds
247,Turan,VN,2022-06-02 18:47:31,16.0678,108.2208,78.78,89,75,2.3,broken clouds
248,Cayenne,GF,2022-06-02 18:49:34,4.9333,-52.3333,87.84,58,75,3.44,broken clouds
249,Bentiu,SS,2022-06-02 18:49:34,9.2333,29.8333,85.6,43,74,3.49,broken clouds
250,Taltal,CL,2022-06-02 18:48:14,-25.4,-70.4833,64.02,53,0,3.98,clear sky
251,Cidreira,BR,2022-06-02 18:49:35,-30.1811,-50.2056,55.69,73,100,8.16,overcast clouds
252,Ankazoabo,MG,2022-06-02 18:49:35,-22.2833,44.5167,62.55,65,0,10.22,clear sky
253,Dongsheng,CN,2022-06-02 18:49:35,39.8161,109.9776,70.3,32,100,5.53,overcast clouds
254,Atar,MR,2022-06-02 18:49:36,20.5169,-13.0499,100.45,20,100,24.16,sand
255,Oktyabrskoye,RU,2022-06-02 18:49:36,43.0645,44.7417,68.14,52,2,11.18,clear sky
256,Havoysund,NO,2022-06-02 18:49:37,70.9963,24.6622,55.63,59,12,13.73,few clouds
257,Dwarka,IN,2022-06-02 18:49:37,22.2394,68.9678,81.39,81,12,19.53,few clouds
258,Pryozerne,UA,2022-06-02 18:49:38,45.2698,36.3303,71.56,67,7,5.5,clear sky
259,Magadan,RU,2022-06-02 18:49:38,59.5667,150.8,36.54,90,100,0.76,overcast clouds
260,Laguna,US,2022-06-02 18:49:38,38.421,-121.4238,87.31,34,0,5.75,clear sky
261,Beringovskiy,RU,2022-06-02 18:49:39,63.05,179.3167,39.65,82,27,6.44,scattered clouds
262,Salvador,SV,2022-06-02 18:49:39,13.8333,-88.9167,84.24,54,100,4.54,overcast clouds
263,Bulungu,CD,2022-06-02 18:49:39,-4.55,18.6,77.54,58,51,0.83,broken clouds
264,Maceio,BR,2022-06-02 18:49:40,-9.6658,-35.7353,78.24,83,75,4.61,broken clouds
265,Yellowknife,CA,2022-06-02 18:46:23,62.456,-114.3525,59.56,38,20,16.11,few clouds
266,Masuda,JP,2022-06-02 18:49:40,34.6667,131.85,62.98,80,0,5.17,clear sky
267,Whitehorse,CA,2022-06-02 18:47:42,60.7161,-135.0538,72.1,27,40,0.0,scattered clouds
268,Vila Franca Do Campo,PT,2022-06-02 18:49:41,37.7167,-25.4333,70.2,75,94,5.3,overcast clouds
269,Srivardhan,IN,2022-06-02 18:49:42,18.0333,73.0167,81.86,83,100,6.13,overcast clouds
270,Marsa Matruh,EG,2022-06-02 18:49:42,31.3525,27.2453,72.54,76,0,6.51,clear sky
271,Freeport,US,2022-06-02 18:49:42,40.6576,-73.5832,81.48,72,75,10.36,broken clouds
272,Tuatapere,NZ,2022-06-02 18:49:43,-46.1333,167.6833,45.18,83,100,9.98,overcast clouds
273,Gat,IL,2022-06-02 18:49:43,31.61,34.7642,75.4,73,0,4.43,clear sky
274,Estelle,US,2022-06-02 18:49:43,29.8458,-90.1067,91.99,52,75,6.91,broken clouds
275,Richards Bay,ZA,2022-06-02 18:49:44,-28.783,32.0377,61.54,77,0,5.86,clear sky
276,Broken Hill,AU,2022-06-02 18:50:44,-31.95,141.4333,47.66,75,100,8.01,overcast clouds
277,Dawson Creek,CA,2022-06-02 18:50:45,55.7666,-120.2362,67.64,32,0,6.91,clear sky
278,Saint-Francois,FR,2022-06-02 18:50:45,46.4154,3.9054,72.84,56,96,6.91,overcast clouds
279,Chicama,PE,2022-06-02 18:50:45,-7.8447,-79.1469,64.94,57,17,10.09,few clouds
280,Biak,ID,2022-06-02 18:50:46,-0.9131,122.8766,76.48,80,100,3.09,overcast clouds
281,Concarneau,FR,2022-06-02 18:50:46,47.875,-3.9225,74.19,79,6,3.4,clear sky
282,Wilhelmsburg,AT,2022-06-02 18:50:47,48.1057,15.6054,67.1,80,99,2.84,overcast clouds
283,Khingansk,RU,2022-06-02 18:50:47,49.1167,131.1833,45.91,96,84,7.11,broken clouds
284,San Martin,AR,2022-06-02 18:50:48,-33.081,-68.4681,52.34,36,3,6.11,clear sky
285,Souillac,MU,2022-06-02 18:50:48,-20.5167,57.5167,73.78,78,75,5.75,broken clouds
286,Buarcos,PT,2022-06-02 18:50:48,40.166,-8.8768,70.14,82,41,12.15,scattered clouds
287,Embonas,GR,2022-06-02 18:50:49,36.2269,27.8564,71.73,75,31,3.96,scattered clouds
288,Santa Rosa,PH,2022-06-02 18:47:37,14.3122,121.1114,83.1,86,100,2.46,overcast clouds
289,Sao Felix Do Xingu,BR,2022-06-02 18:50:49,-6.6447,-51.995,86.09,57,67,4.18,broken clouds
290,Puro,PH,2022-06-02 18:50:50,12.4841,123.3827,81.3,77,100,2.95,overcast clouds
291,Marathon,US,2022-06-02 18:50:50,44.9,-89.7668,74.44,33,2,13.2,clear sky
292,Lac-Megantic,CA,2022-06-02 18:47:38,45.5834,-70.8823,70.56,44,100,2.44,overcast clouds
293,Saint-Joseph,RE,2022-06-02 18:50:50,-21.3667,55.6167,68.38,76,0,6.26,clear sky
294,Makakilo City,US,2022-06-02 18:50:51,21.3469,-158.0858,77.32,71,75,9.22,broken clouds
295,Illapel,CL,2022-06-02 18:50:51,-31.6308,-71.1653,62.51,41,100,6.71,light rain
296,Ambulu,ID,2022-06-02 18:50:52,-8.345,113.6058,75.09,89,53,1.61,broken clouds
297,Kununurra,AU,2022-06-02 18:50:52,-15.7667,128.7333,76.98,94,100,0.0,overcast clouds
298,Kapuskasing,CA,2022-06-02 18:50:52,49.4169,-82.4331,66.29,34,75,4.61,broken clouds
299,Grindavik,IS,2022-06-02 18:50:53,63.8424,-22.4338,48.67,76,100,13.8,overcast clouds
300,Vila Velha,BR,2022-06-02 18:50:53,-20.3297,-40.2925,91.35,46,0,10.36,clear sky
301,Kushiro,JP,2022-06-02 18:50:53,42.975,144.3747,46.85,94,100,8.66,overcast clouds
302,Road Town,VG,2022-06-02 18:48:44,18.4167,-64.6167,86.04,66,40,11.5,scattered clouds
303,Nishihara,JP,2022-06-02 18:50:54,26.1842,127.7558,76.28,97,40,9.22,scattered clouds
304,Fallon,US,2022-06-02 18:50:55,39.4735,-118.7774,80.46,15,75,3.44,broken clouds
305,Almaznyy,RU,2022-06-02 18:50:55,48.0448,40.045,66.51,65,1,8.3,clear sky
306,Kibre Mengist,ET,2022-06-02 18:50:55,5.8833,38.9833,56.5,96,59,2.01,broken clouds
307,Oranjemund,NA,2022-06-02 18:50:56,-28.55,16.4333,58.14,51,0,7.81,clear sky
308,Jumla,NP,2022-06-02 18:50:56,29.2747,82.1838,54.81,64,0,3.89,clear sky
309,Salalah,OM,2022-06-02 18:50:56,17.0151,54.0924,81.37,74,42,4.45,scattered clouds
310,Beloha,MG,2022-06-02 18:50:57,-25.1667,45.05,61.66,76,3,5.88,clear sky
311,Tarauaca,BR,2022-06-02 18:50:57,-8.1614,-70.7656,87.94,52,100,2.8,overcast clouds
312,Jalu,LY,2022-06-02 18:50:58,29.0331,21.5482,88.68,16,0,12.82,clear sky
313,Nelson Bay,AU,2022-06-02 18:50:58,-32.7167,152.15,43.09,95,47,6.4,scattered clouds
314,Sur,OM,2022-06-02 18:50:58,22.5667,59.5289,84.85,61,49,13.06,scattered clouds
315,Kolaras,IN,2022-06-02 18:50:59,25.2333,77.6,93.25,20,91,7.23,overcast clouds
316,Muros,ES,2022-06-02 18:51:00,42.7762,-9.0603,69.1,69,10,4.79,clear sky
317,Waingapu,ID,2022-06-02 18:51:00,-9.6567,120.2641,76.32,83,17,4.23,few clouds
318,Luena,AO,2022-06-02 18:51:00,-11.7833,19.9167,55.18,57,9,5.59,clear sky
319,Coihaique,CL,2022-06-02 18:48:12,-45.5752,-72.0662,29.01,100,75,3.44,broken clouds
320,Tiarei,PF,2022-06-02 18:51:01,-17.5333,-149.3333,75.22,83,100,16.46,light rain
321,Atasu,KZ,2022-06-02 18:52:01,48.6814,71.6433,58.03,39,0,6.49,clear sky
322,Ornskoldsvik,SE,2022-06-02 18:52:02,63.2909,18.7153,53.62,76,100,3.6,light rain
323,Bitung,ID,2022-06-02 18:52:02,1.4451,125.1824,74.25,81,100,6.49,overcast clouds
324,Naze,JP,2022-06-02 18:52:03,28.3667,129.4833,70.72,90,100,7.67,overcast clouds
325,Clearlake,US,2022-06-02 18:52:03,38.9582,-122.6264,87.35,22,100,9.69,overcast clouds
326,Tambacounda,SN,2022-06-02 18:52:05,13.7539,-13.7586,96.85,38,0,4.61,clear sky
327,Uslar,DE,2022-06-02 18:52:05,51.6569,9.635,63.84,79,78,5.03,broken clouds
328,Qaqortoq,GL,2022-06-02 18:52:05,60.7167,-46.0333,44.11,61,0,5.37,clear sky
329,Marawi,PH,2022-06-02 18:52:06,7.9986,124.2928,68.22,92,100,2.39,overcast clouds
330,Palmer,US,2022-06-02 18:51:57,42.1584,-72.3287,76.55,66,100,0.0,overcast clouds
331,Pula,HR,2022-06-02 18:48:16,44.8683,13.8481,73.96,68,0,4.61,clear sky
332,Coolum Beach,AU,2022-06-02 18:52:07,-26.5333,153.1,54.23,89,6,3.94,clear sky
333,Ponta Do Sol,PT,2022-06-02 18:52:08,32.6667,-17.1,71.71,72,61,8.32,broken clouds
334,Port Hedland,AU,2022-06-02 18:52:08,-20.3167,118.5667,59.05,88,3,9.22,clear sky
335,Palaikastron,GR,2022-06-02 18:52:08,35.2,26.25,72.05,71,0,15.86,clear sky
336,Panguna,PG,2022-06-02 18:52:09,-6.3164,155.4848,65.82,94,7,1.21,clear sky
337,Urumqi,CN,2022-06-02 18:52:09,43.801,87.6005,58.15,67,0,2.24,clear sky
338,Erdenet,MN,2022-06-02 18:52:10,49.0333,104.0833,50.67,83,100,3.09,overcast clouds
339,Ixtapa,MX,2022-06-02 18:52:10,20.7,-105.2,88.99,47,7,9.82,clear sky
340,Gaimersheim,DE,2022-06-02 18:52:11,48.807,11.368,69.71,46,75,3.44,broken clouds
341,Victoria,HK,2022-06-02 18:50:41,22.2855,114.1577,83.32,87,78,11.99,broken clouds
342,Fuerte Olimpo,PY,2022-06-02 18:52:12,-21.0415,-57.8738,70.12,55,100,7.92,overcast clouds
343,Sibolga,ID,2022-06-02 18:52:12,1.7427,98.7792,75.25,89,93,2.06,overcast clouds
344,Guerrero Negro,MX,2022-06-02 18:48:53,27.9769,-114.0611,71.15,53,0,13.71,clear sky
345,Hami,CN,2022-06-02 18:52:13,42.8,93.45,68.56,35,18,13.85,few clouds
346,Camacha,PT,2022-06-02 18:52:13,33.0833,-16.3333,65.62,73,40,12.66,scattered clouds
347,Taoudenni,ML,2022-06-02 18:52:14,22.6783,-3.9836,104.11,9,18,10.09,few clouds
348,Ambon,ID,2022-06-02 18:52:14,-3.6954,128.1814,75.34,94,40,2.3,scattered clouds
349,Constitucion,CL,2022-06-02 18:52:15,-35.3333,-72.4167,55.31,65,100,11.92,overcast clouds
350,Husavik,IS,2022-06-02 18:52:15,66.0449,-17.3389,47.16,90,100,10.16,overcast clouds
351,Norden,DE,2022-06-02 18:52:15,53.6,7.2,57.94,78,43,5.61,scattered clouds
352,Bogorodskoye,RU,2022-06-02 18:52:16,56.55,37.8833,61.07,94,100,4.79,overcast clouds
353,Ikalamavony,MG,2022-06-02 18:52:16,-21.15,46.5833,57.24,84,34,9.01,scattered clouds
354,Kahului,US,2022-06-02 18:52:17,20.8947,-156.47,82.98,72,20,8.99,few clouds
355,Sisimiut,GL,2022-06-02 18:52:17,66.9395,-53.6735,44.51,46,40,10.4,scattered clouds
356,Geraldton,AU,2022-06-02 18:52:18,-28.7667,114.6,48.61,87,0,4.61,clear sky
357,Penapolis,BR,2022-06-02 18:52:18,-21.4197,-50.0775,85.84,42,70,10.33,broken clouds
358,Prieska,ZA,2022-06-02 18:52:19,-29.6641,22.7474,54.39,20,0,3.89,clear sky
359,Mackenzie,CA,2022-06-02 18:52:19,55.2999,-123.1698,70.02,24,0,8.05,clear sky
360,Ahipara,NZ,2022-06-02 18:52:19,-35.1667,173.1667,58.96,78,15,18.79,few clouds
361,Zubova Polyana,RU,2022-06-02 18:52:20,54.0771,42.8372,63.34,89,100,6.62,overcast clouds
362,Ormara,PK,2022-06-02 18:52:20,25.2088,64.6357,82.94,79,4,22.35,clear sky
363,Jackson,US,2022-06-02 18:52:17,42.4165,-122.8345,77.92,50,0,4.61,clear sky
364,Porbandar,IN,2022-06-02 18:53:21,21.6422,69.6093,81.3,80,67,15.21,broken clouds
365,Lethem,GY,2022-06-02 18:53:21,3.3803,-59.7968,86.02,65,65,5.88,broken clouds
366,Bonavista,CA,2022-06-02 18:53:21,48.6499,-53.1147,39.85,97,100,23.33,overcast clouds
367,Mitsamiouli,KM,2022-06-02 18:53:22,-11.3847,43.2844,78.24,69,6,15.46,clear sky
368,Pahrump,US,2022-06-02 18:51:48,36.2083,-115.9839,91.94,7,4,4.0,clear sky
369,Saint George,US,2022-06-02 18:52:32,37.1041,-113.5841,91.63,12,0,3.44,clear sky
370,Craig,US,2022-06-02 18:53:23,40.5153,-107.5464,67.39,26,19,3.27,few clouds
371,Vanimo,PG,2022-06-02 18:53:23,-2.6741,141.3028,77.63,89,12,6.64,few clouds
372,Mount Isa,AU,2022-06-02 18:49:34,-20.7333,139.5,64.17,59,87,2.3,overcast clouds
373,Pauini,BR,2022-06-02 18:53:24,-7.7136,-66.9764,81.72,85,100,0.54,overcast clouds
374,Fortuna,US,2022-06-02 18:53:24,40.5982,-124.1573,67.93,70,0,9.22,clear sky
375,Rapid Valley,US,2022-06-02 18:53:24,44.0625,-103.1463,69.6,29,0,11.99,clear sky
376,Port Blair,IN,2022-06-02 18:53:25,11.6667,92.75,80.64,89,75,2.3,mist
377,Monrovia,LR,2022-06-02 18:53:25,6.3005,-10.7969,79.93,83,47,9.24,light rain
378,Port Lincoln,AU,2022-06-02 18:53:25,-34.7333,135.8667,51.53,83,100,15.93,moderate rain
379,Puerto Escondido,MX,2022-06-02 18:53:26,15.85,-97.0667,84.42,68,100,7.58,overcast clouds
380,Plouzane,FR,2022-06-02 18:53:26,48.3833,-4.6167,69.98,54,0,11.5,clear sky
381,Santa Isabel Do Rio Negro,BR,2022-06-02 18:53:26,-0.4139,-65.0192,83.07,79,98,2.42,overcast clouds
382,Troitsko-Pechorsk,RU,2022-06-02 18:53:27,62.7084,56.1964,47.1,46,90,6.06,overcast clouds
383,Loughrea,IE,2022-06-02 18:53:27,53.1969,-8.5669,53.85,84,61,5.95,broken clouds
384,Guozhen,CN,2022-06-02 18:53:27,34.3659,107.359,73.9,65,12,3.71,few clouds
385,Codrington,AU,2022-06-02 18:53:28,-38.2667,141.9667,46.8,69,100,14.81,overcast clouds
386,Houston,US,2022-06-02 18:50:35,29.7633,-95.3633,93.31,62,0,13.8,clear sky
387,Hanzhong,CN,2022-06-02 18:53:28,33.0728,107.0303,70.61,82,39,0.47,scattered clouds
388,Mae Ramat,TH,2022-06-02 18:53:29,16.984,98.5166,74.05,99,100,0.87,overcast clouds
389,Burriana,ES,2022-06-02 18:53:29,39.889,-0.085,74.25,84,100,3.29,overcast clouds
390,Rio Grande,BR,2022-06-02 18:50:20,-32.035,-52.0986,59.11,65,100,9.89,overcast clouds
391,Srednekolymsk,RU,2022-06-02 18:53:30,67.45,153.6833,47.37,54,1,8.01,clear sky
392,Port Hueneme,US,2022-06-02 18:53:30,34.1478,-119.1951,92.19,71,0,12.66,haze
393,Pangnirtung,CA,2022-06-02 18:53:30,66.1451,-65.7125,39.2,75,20,8.05,few clouds
394,Iwaki,JP,2022-06-02 18:53:31,37.05,140.8833,59.02,96,100,3.87,overcast clouds
395,Los Llanos De Aridane,ES,2022-06-02 18:49:37,28.6585,-17.9182,67.75,77,40,10.36,scattered clouds
396,Mudgee,AU,2022-06-02 18:53:31,-32.5943,149.5871,36.79,93,92,1.3,overcast clouds
397,Nagothana,IN,2022-06-02 18:53:32,18.5333,73.1333,81.75,83,98,3.76,overcast clouds
398,Dutlwe,BW,2022-06-02 18:53:35,-23.9833,23.9,55.27,31,0,9.31,clear sky
399,Aklavik,CA,2022-06-02 18:53:36,68.2191,-135.0107,46.4,71,75,4.61,shower rain
400,Valparaiso,CL,2022-06-02 18:53:36,-33.0393,-71.6273,60.44,64,75,8.05,broken clouds
401,Salinopolis,BR,2022-06-02 18:53:36,-0.6136,-47.3561,83.73,69,97,8.99,overcast clouds
402,Valavanur,IN,2022-06-02 18:53:37,11.9209,79.5824,84.94,66,97,9.69,overcast clouds
403,Kyren,RU,2022-06-02 18:53:37,51.6828,102.1408,49.44,88,13,1.68,few clouds
404,Oriximina,BR,2022-06-02 18:53:38,-1.7656,-55.8661,82.2,81,74,1.03,broken clouds
405,Merauke,ID,2022-06-02 18:53:38,-8.4667,140.3333,77.09,90,96,8.84,overcast clouds
406,Swellendam,ZA,2022-06-02 18:53:38,-34.0226,20.4417,52.39,80,5,5.99,clear sky
407,Esso,RU,2022-06-02 18:53:39,55.9333,158.7,38.97,88,21,1.81,few clouds
408,Sinnamary,GF,2022-06-02 18:53:39,5.3833,-52.95,75.04,90,100,4.21,overcast clouds
409,Yaan,NG,2022-06-02 18:53:40,7.3833,8.5667,82.0,64,43,6.62,scattered clouds
410,Palu,ID,2022-06-02 18:54:40,-0.8917,119.8707,74.55,97,93,3.27,light rain
411,Bathsheba,BB,2022-06-02 18:54:41,13.2167,-59.5167,83.01,89,40,12.66,scattered clouds
412,Arraial Do Cabo,BR,2022-06-02 18:54:41,-22.9661,-42.0278,75.16,83,75,18.41,broken clouds
413,Maldonado,UY,2022-06-02 18:51:26,-34.6667,-54.9167,51.19,61,90,10.0,overcast clouds
414,Touros,BR,2022-06-02 18:52:13,-5.1989,-35.4608,81.57,73,100,9.26,overcast clouds
415,Reconquista,AR,2022-06-02 18:54:42,-29.15,-59.65,59.56,46,6,9.4,clear sky
416,Salto,UY,2022-06-02 18:52:20,-31.3833,-57.9667,57.36,55,0,9.22,clear sky
417,Ravar,IR,2022-06-02 18:54:42,31.2656,56.8055,78.91,13,0,7.36,clear sky
418,Talnakh,RU,2022-06-02 18:54:42,69.4865,88.3972,34.21,90,62,5.82,broken clouds
419,Poronaysk,RU,2022-06-02 18:54:43,49.2167,143.1167,40.08,95,100,5.32,overcast clouds
420,Baturaja,ID,2022-06-02 18:54:43,-4.1333,104.1667,70.86,96,15,2.73,moderate rain
421,Vilhena,BR,2022-06-02 18:54:43,-12.7406,-60.1458,84.42,54,75,4.61,broken clouds
422,Port-Cartier,CA,2022-06-02 18:54:44,50.0334,-66.8654,70.02,57,90,5.93,overcast clouds
423,Belaya Gora,RU,2022-06-02 18:54:44,68.5333,146.4167,41.61,63,100,8.66,overcast clouds
424,Ontario,US,2022-06-02 18:53:38,34.0633,-117.6509,93.87,46,0,5.75,clear sky
425,Jadu,LY,2022-06-02 18:54:45,31.953,12.0261,83.66,19,7,11.88,clear sky
426,Jijiga,ET,2022-06-02 18:54:45,9.35,42.8,63.25,83,28,13.31,scattered clouds
427,Da Nang,VN,2022-06-02 18:54:46,16.0678,108.2208,78.78,89,75,2.3,broken clouds
428,Lambarene,GA,2022-06-02 18:54:46,-0.7001,10.2406,77.14,88,67,0.38,light rain
429,Jining,CN,2022-06-02 18:54:46,35.405,116.5814,76.39,47,100,7.16,overcast clouds
430,Isangel,VU,2022-06-02 18:54:47,-19.55,169.2667,73.51,94,100,4.61,overcast clouds
431,Santa Maria,BR,2022-06-02 18:54:47,-29.6842,-53.8069,56.5,47,20,9.22,few clouds
432,Muzambinho,BR,2022-06-02 18:54:48,-21.3758,-46.5256,76.05,52,93,3.87,overcast clouds
433,Iranshahr,IR,2022-06-02 18:54:48,27.2025,60.6848,91.74,7,0,6.91,clear sky
434,Quatre Cocos,MU,2022-06-02 18:54:49,-20.2078,57.7625,73.51,71,30,10.63,scattered clouds
435,Krasnoselkup,RU,2022-06-02 18:54:49,65.7,82.4667,31.95,96,28,11.1,scattered clouds
436,Katsuura,JP,2022-06-02 18:54:49,35.1333,140.3,68.34,84,49,13.49,scattered clouds
437,Deputatskiy,RU,2022-06-02 18:54:50,69.3,139.9,38.82,79,100,3.2,overcast clouds
438,Meybod,IR,2022-06-02 18:54:50,32.2501,54.0166,84.22,12,0,3.04,clear sky
439,Kholmsk,RU,2022-06-02 18:54:50,47.0511,142.0569,41.92,93,100,10.56,overcast clouds
440,Dhidhdhoo,MV,2022-06-02 18:54:51,6.8833,73.1,82.22,79,100,17.11,overcast clouds
441,Papara,BR,2022-06-02 18:54:51,-3.9839,-38.7273,79.68,95,99,4.36,overcast clouds
442,Chatham,GB,2022-06-02 18:54:39,51.3789,0.5279,63.61,78,25,9.42,scattered clouds
443,Ulaangom,MN,2022-06-02 18:54:52,49.9811,92.0667,48.22,41,7,2.48,clear sky
444,Torquay,GB,2022-06-02 18:54:52,50.4638,-3.5143,62.58,73,6,4.0,clear sky
445,Strezhevoy,RU,2022-06-02 18:54:52,60.7333,77.5889,31.5,71,2,13.87,clear sky
446,Staraya Russa,RU,2022-06-02 18:54:53,57.9944,31.3608,59.27,67,100,10.22,overcast clouds
447,Ostersund,SE,2022-06-02 18:54:53,63.1792,14.6357,53.62,93,0,0.0,clear sky
448,Jiayuguan,CN,2022-06-02 18:54:53,39.8167,98.3,66.33,41,100,3.71,overcast clouds
449,Kemin,KG,2022-06-02 18:54:54,42.7846,75.6892,58.93,70,100,4.41,overcast clouds
450,Dudinka,RU,2022-06-02 18:54:54,69.4058,86.1778,34.63,94,85,10.69,overcast clouds
451,Alice Town,BS,2022-06-02 18:54:55,25.7167,-79.3,81.75,66,92,12.84,overcast clouds
452,Soyo,AO,2022-06-02 18:54:55,-6.1349,12.3689,74.5,87,6,6.89,clear sky
453,Barabai,ID,2022-06-02 18:54:55,-2.5833,115.3833,74.17,94,72,1.77,light rain
454,Ihosy,MG,2022-06-02 18:54:56,-22.4,46.1167,56.84,93,15,10.16,few clouds
455,Mana,GF,2022-06-02 18:54:56,5.6592,-53.7767,73.8,94,100,5.64,light rain
456,Sechura,PE,2022-06-02 18:55:57,-5.5569,-80.8222,76.69,54,21,11.41,few clouds
457,Samarai,PG,2022-06-02 18:55:57,-10.6167,150.6667,80.8,82,100,12.33,moderate rain
458,Matara,LK,2022-06-02 18:55:57,5.9485,80.5353,77.88,89,96,13.04,overcast clouds
459,Suzhou,CN,2022-06-02 18:55:58,31.3114,120.6181,71.24,87,94,10.38,overcast clouds
460,Hamilton,US,2022-06-02 18:51:33,39.1834,-84.5333,75.07,73,100,9.22,overcast clouds
461,Bajil,YE,2022-06-02 18:55:58,15.0584,43.2851,90.21,38,91,1.25,overcast clouds
462,Surt,LY,2022-06-02 18:55:59,31.2089,16.5887,75.15,70,0,10.96,clear sky
463,Haines Junction,CA,2022-06-02 18:55:59,60.7522,-137.5108,72.07,22,92,1.97,overcast clouds
464,Mirabad,AF,2022-06-02 18:55:59,30.4362,61.8383,87.15,12,0,21.65,clear sky
465,Chegdomyn,RU,2022-06-02 18:56:00,51.1167,133.0167,45.14,90,100,2.42,overcast clouds
466,Ondjiva,AO,2022-06-02 18:56:00,-17.0667,15.7333,58.66,36,2,7.81,clear sky
467,Wasilla,US,2022-06-02 18:56:01,61.5814,-149.4394,69.53,40,0,3.44,clear sky
468,Tadine,NC,2022-06-02 18:56:01,-21.55,167.8833,71.13,75,100,9.6,overcast clouds
469,Dabola,GN,2022-06-02 18:55:11,10.75,-11.1167,87.84,41,17,3.04,few clouds
470,Miraflores,MX,2022-06-02 18:56:01,19.2167,-98.8083,72.25,27,33,4.61,scattered clouds
471,Prince Rupert,CA,2022-06-02 18:51:08,54.3161,-130.3201,57.29,85,0,5.75,clear sky
472,Walvis Bay,NA,2022-06-02 18:56:03,-22.9575,14.5053,74.35,17,0,9.22,clear sky
473,Ituango,CO,2022-06-02 18:56:03,7.1712,-75.764,69.01,92,100,2.46,overcast clouds
474,Machaneng,BW,2022-06-02 18:56:03,-23.1862,27.4886,56.89,39,0,7.56,clear sky
475,Chuy,UY,2022-06-02 18:56:04,-33.6971,-53.4616,50.9,62,99,10.74,overcast clouds
476,Rincon,US,2022-06-02 18:54:34,32.296,-81.2354,97.86,47,11,1.01,few clouds
477,San Ramon,US,2022-06-02 18:52:21,37.7799,-121.978,84.65,44,0,10.36,clear sky
478,Sorland,NO,2022-06-02 18:56:04,67.667,12.6934,53.46,82,3,10.51,clear sky
479,Mazatlan,MX,2022-06-02 18:51:51,23.2167,-106.4167,83.01,79,43,3.0,scattered clouds
480,Verkhnevilyuysk,RU,2022-06-02 18:56:05,63.4453,120.3167,50.52,83,14,4.85,few clouds
481,Sakaiminato,JP,2022-06-02 18:56:06,35.55,133.2333,62.58,94,20,5.75,few clouds
482,Puerto Baquerizo Moreno,EC,2022-06-02 18:56:06,-0.9,-89.6,76.19,78,75,17.27,broken clouds
483,Altus,US,2022-06-02 18:56:06,34.6381,-99.334,71.98,71,100,5.75,overcast clouds
484,Paamiut,GL,2022-06-02 18:56:07,61.994,-49.6678,37.67,70,10,4.38,clear sky
485,Ibimirim,BR,2022-06-02 18:56:07,-8.5406,-37.6903,81.37,60,100,10.11,overcast clouds
486,Bodden Town,KY,2022-06-02 18:56:07,19.2833,-81.25,84.97,79,40,16.11,scattered clouds
487,Cantaura,VE,2022-06-02 18:56:08,9.3057,-64.3584,92.3,40,99,8.93,overcast clouds
488,Kjollefjord,NO,2022-06-02 18:56:08,70.9457,27.3465,55.45,59,18,12.01,few clouds
489,Brody,UA,2022-06-02 18:56:08,50.0879,25.1503,55.99,94,100,4.68,overcast clouds
490,Mujiayingzi,CN,2022-06-02 18:56:09,42.1167,118.7833,73.78,24,100,17.63,overcast clouds
491,Hastings,GB,2022-06-02 18:56:09,50.8552,0.5729,62.78,68,1,15.73,clear sky
492,Jiuquan,CN,2022-06-02 18:56:10,39.7432,98.5174,67.71,40,100,1.32,overcast clouds
493,Caxito,AO,2022-06-02 18:56:10,-8.5785,13.6643,69.64,96,6,2.68,clear sky
494,Nouadhibou,MR,2022-06-02 18:56:11,20.931,-17.0347,71.58,78,11,20.71,sand
495,Murakami,JP,2022-06-02 18:56:11,38.2333,139.4833,55.27,95,42,2.46,scattered clouds
496,Neiafu,TO,2022-06-02 18:56:11,-18.65,-173.9833,79.48,83,20,8.05,few clouds
497,Ferrol,ES,2022-06-02 18:56:12,43.4832,-8.2369,66.72,84,78,4.34,light rain
498,Luanda,AO,2022-06-02 18:56:12,-8.8368,13.2343,72.57,89,9,9.93,clear sky
499,Margate,GB,2022-06-02 18:56:12,51.3813,1.3862,59.11,72,17,4.0,few clouds
500,Westport,US,2022-06-02 18:54:51,41.1415,-73.3579,79.29,86,95,1.99,light rain
501,Shingu,JP,2022-06-02 18:56:13,33.7333,135.9833,63.12,90,2,5.19,clear sky
502,Syracuse,IT,2022-06-02 18:56:14,37.0881,15.2792,76.37,60,0,1.95,clear sky
503,Obo,CF,2022-06-02 18:57:14,5.3998,26.4869,73.63,78,68,3.09,broken clouds
504,Contamana,PE,2022-06-02 18:57:15,-7.3333,-75.0167,89.15,49,83,3.56,broken clouds
505,Varhaug,NO,2022-06-02 18:57:15,58.6147,5.6457,51.35,95,100,14.58,overcast clouds
506,Khani,GE,2022-06-02 18:57:15,41.9563,42.9566,62.17,93,76,1.48,broken clouds
507,Kenitra,MA,2022-06-02 18:57:16,34.261,-6.5802,70.56,70,0,9.24,clear sky
508,Kabalo,CD,2022-06-02 18:57:16,-6.05,26.9167,75.4,52,61,4.27,broken clouds
509,Sakakah,SA,2022-06-02 18:57:16,29.9697,40.2064,90.97,5,100,5.77,overcast clouds
510,Yulara,AU,2022-06-02 18:57:17,-25.2406,130.9889,51.84,76,22,12.08,few clouds
511,Port Moresby,PG,2022-06-02 18:57:17,-9.4431,147.1797,72.82,100,40,3.44,scattered clouds
512,Lavrentiya,RU,2022-06-02 18:57:18,65.5833,-171.0,40.12,82,56,5.7,broken clouds
513,Qujing,CN,2022-06-02 18:57:18,25.4833,103.7833,61.36,95,12,5.61,few clouds
514,Muzhi,RU,2022-06-02 18:57:18,65.3667,64.6667,35.78,48,0,13.2,clear sky
515,La Ronge,CA,2022-06-02 18:57:19,55.1001,-105.2842,59.22,15,20,19.57,few clouds
516,Gizo,SB,2022-06-02 18:57:19,-8.103,156.8419,81.14,78,99,8.77,light rain
517,Poli,TZ,2022-06-02 18:57:19,-3.3333,36.8,59.27,78,100,4.81,overcast clouds
518,Te Anau,NZ,2022-06-02 18:57:20,-45.4167,167.7167,40.06,90,61,4.07,broken clouds
519,Formosa,AR,2022-06-02 18:57:20,-26.1775,-58.1781,62.58,42,0,12.66,clear sky
520,Phan Thiet,VN,2022-06-02 18:56:54,10.9333,108.1,77.5,88,100,5.91,overcast clouds
521,Ortona,IT,2022-06-02 18:57:21,42.3496,14.4039,79.18,75,2,5.12,clear sky
522,General Roca,AR,2022-06-02 18:57:21,-39.0333,-67.5833,49.71,40,74,9.75,broken clouds
523,Buraydah,SA,2022-06-02 18:57:21,26.326,43.975,95.45,7,0,9.71,clear sky
524,Gorontalo,ID,2022-06-02 18:57:22,0.5412,123.0595,74.46,88,92,2.46,overcast clouds
525,Lorengau,PG,2022-06-02 18:57:22,-2.0226,147.2712,81.63,75,27,8.3,scattered clouds
526,Cuauhtemoc,MX,2022-06-02 18:57:23,28.4167,-106.8667,86.04,17,1,13.04,clear sky
527,Brae,GB,2022-06-02 18:57:23,60.3964,-1.353,49.64,81,63,13.58,broken clouds
528,Selikhino,RU,2022-06-02 18:57:23,50.3672,137.4996,44.11,92,100,7.85,overcast clouds
529,Rio Gallegos,AR,2022-06-02 18:56:30,-51.6226,-69.2181,35.65,64,0,5.75,clear sky
530,Monywa,MM,2022-06-02 18:57:24,22.1167,95.1333,85.03,60,100,12.15,overcast clouds
531,Cahors,FR,2022-06-02 18:57:24,44.4167,1.3333,65.8,89,22,8.28,few clouds
532,Hay River,CA,2022-06-02 18:57:25,60.8156,-115.7999,69.78,32,40,11.5,scattered clouds
533,Atambua,ID,2022-06-02 18:57:25,-9.1061,124.8925,73.27,90,65,2.77,broken clouds
534,Makurdi,NG,2022-06-02 18:57:25,7.7411,8.5121,83.01,65,99,4.97,light rain
535,Kapoeta,SS,2022-06-02 18:57:26,4.7717,33.5903,79.84,43,86,9.08,overcast clouds
536,Paragominas,BR,2022-06-02 18:57:26,-2.9667,-47.4833,79.09,92,89,3.38,overcast clouds
537,Mosquera,CO,2022-06-02 18:57:26,4.7059,-74.2302,66.29,48,75,10.36,broken clouds
538,Savannah Bight,HN,2022-06-02 18:57:27,16.45,-85.85,82.44,77,99,7.45,overcast clouds
539,Phaltan,IN,2022-06-02 18:57:27,17.9833,74.4333,79.43,59,100,12.86,overcast clouds
540,Sobolevo,RU,2022-06-02 18:57:27,54.4299,31.8996,59.34,89,99,5.59,overcast clouds
541,Ucluelet,CA,2022-06-02 18:57:28,48.9329,-125.5528,58.08,93,100,7.14,overcast clouds
542,Kodinsk,RU,2022-06-02 18:57:28,58.6881,99.1844,44.85,93,100,13.96,overcast clouds
543,Darab,IR,2022-06-02 18:57:28,28.7519,54.5444,81.3,9,0,11.34,clear sky
544,Clinton,US,2022-06-02 18:57:29,42.587,-82.9199,76.28,56,8,1.01,clear sky
545,Anadyr,RU,2022-06-02 18:57:29,64.75,177.4833,50.5,53,65,6.71,fog
546,Meulaboh,ID,2022-06-02 18:57:30,4.1363,96.1285,75.7,87,100,4.36,overcast clouds
547,Myre,NO,2022-06-02 18:57:30,69.1036,15.9492,60.03,79,5,6.98,clear sky
548,Miri,MY,2022-06-02 18:57:31,4.4148,114.0089,77.14,94,40,0.0,scattered clouds
549,Kholmogory,RU,2022-06-02 18:57:32,64.2229,41.656,64.63,63,100,4.79,overcast clouds
550,Sao Joao Da Barra,BR,2022-06-02 18:57:32,-21.6403,-41.0511,89.69,64,10,7.72,clear sky
551,Santa Ana,US,2022-06-02 18:57:34,33.7456,-117.8678,89.85,59,40,6.91,scattered clouds
552,Caravelas,BR,2022-06-02 18:58:33,-17.7125,-39.2481,79.09,69,7,6.2,clear sky
553,Kirov,RU,2022-06-02 18:58:33,58.5966,49.6601,63.37,65,100,2.84,overcast clouds
554,Porto Novo,BJ,2022-06-02 18:58:33,6.4965,2.6036,84.02,79,3,8.84,clear sky
555,Laurel,US,2022-06-02 18:58:34,39.0993,-76.8483,91.53,60,75,4.0,broken clouds
556,Narsaq,GL,2022-06-02 18:58:34,60.9167,-46.05,48.22,51,0,6.46,clear sky
557,Novo Aripuana,BR,2022-06-02 18:58:34,-5.1206,-60.3797,81.97,85,88,3.42,overcast clouds
558,Puyang,CN,2022-06-02 18:58:35,29.4603,119.8861,70.3,98,45,1.68,scattered clouds
559,Henties Bay,NA,2022-06-02 18:58:35,-22.116,14.2845,65.14,45,1,5.88,clear sky
560,Gravdal,NO,2022-06-02 18:58:36,68.1214,13.5031,55.06,69,6,7.96,clear sky
561,Aguimes,ES,2022-06-02 18:58:36,27.9054,-15.4461,72.23,53,20,20.71,few clouds
562,Yauya,PE,2022-06-02 18:58:36,-8.9833,-77.3,58.68,51,99,5.14,overcast clouds
563,Aswan,EG,2022-06-02 18:55:51,24.0934,32.907,89.56,13,100,12.93,overcast clouds
564,Sandwick,GB,2022-06-02 18:58:37,60.0,-1.25,51.62,82,20,11.5,few clouds
565,Benguela,AO,2022-06-02 18:58:37,-12.5763,13.4055,72.27,85,68,3.8,broken clouds
566,Tucuman,AR,2022-06-02 18:54:55,-26.8241,-65.2226,60.58,38,4,4.68,clear sky
567,Pitimbu,BR,2022-06-02 18:58:38,-7.4706,-34.8086,75.79,79,79,7.4,broken clouds
568,Alfredo Chaves,BR,2022-06-02 18:58:38,-20.635,-40.7497,82.89,54,13,3.2,few clouds
569,Nelson,NZ,2022-06-02 18:58:39,-41.2833,173.2833,46.29,96,14,3.0,few clouds
570,Den Helder,NL,2022-06-02 18:58:39,52.9599,4.7593,59.97,70,100,7.0,overcast clouds
571,Lichinga,MZ,2022-06-02 18:58:39,-13.3128,35.2406,55.49,88,0,9.22,clear sky
572,Mogocha,RU,2022-06-02 18:58:40,53.7333,119.7667,45.07,87,100,2.98,overcast clouds
573,Birjand,IR,2022-06-02 18:58:40,32.8663,59.2211,72.07,13,0,11.5,clear sky
574,Korla,CN,2022-06-02 18:58:41,41.7597,86.1469,73.45,22,6,9.08,clear sky
575,Dodola,ET,2022-06-02 18:58:41,6.9833,39.1833,53.02,84,69,5.88,broken clouds
576,Brekstad,NO,2022-06-02 18:58:41,63.687,9.6654,52.99,93,75,5.75,broken clouds
577,Esfahan,IR,2022-06-02 18:57:24,32.6572,51.6776,73.04,13,18,7.92,few clouds
578,Saurimo,AO,2022-06-02 18:58:42,-9.6608,20.3916,64.29,50,18,5.7,few clouds
579,Alpena,US,2022-06-02 18:58:42,45.0617,-83.4327,68.11,50,0,8.01,clear sky
580,Spirovo,RU,2022-06-02 18:58:43,57.419,34.9766,58.82,92,86,4.16,overcast clouds
581,Ahvaz,IR,2022-06-02 18:56:31,31.3203,48.6693,96.75,14,0,4.61,clear sky
582,Bintulu,MY,2022-06-02 18:58:43,3.1667,113.0333,75.61,94,20,0.0,few clouds
583,Khandyga,RU,2022-06-02 18:58:44,62.6667,135.6,50.88,73,66,3.6,broken clouds
584,Kysyl-Syr,RU,2022-06-02 18:58:44,63.8986,122.7617,51.82,94,57,4.88,broken clouds
585,Ballina,AU,2022-06-02 18:58:45,-28.8667,153.5667,47.01,97,4,4.79,clear sky
586,San Andres,CO,2022-06-02 18:58:45,12.5847,-81.7006,82.42,78,75,4.61,broken clouds
587,Okato,NZ,2022-06-02 18:58:45,-39.2,173.8833,53.19,99,53,1.99,broken clouds
588,Hostotipaquillo,MX,2022-06-02 18:58:46,21.0667,-104.0667,88.05,21,0,1.92,clear sky
589,Lazaro Cardenas,MX,2022-06-02 18:54:08,17.9583,-102.2,84.67,58,0,11.88,clear sky
590,Kitui,KE,2022-06-02 18:58:46,-1.367,38.0106,64.94,73,90,8.1,overcast clouds
591,Shenjiamen,CN,2022-06-02 18:58:47,29.9576,122.298,67.51,96,32,8.81,scattered clouds
592,Kimbe,PG,2022-06-02 18:58:47,-5.5502,150.1429,74.53,89,100,3.06,overcast clouds
593,Cascais,PT,2022-06-02 18:58:47,38.6979,-9.4215,69.17,72,75,21.0,broken clouds
594,Fayaoue,NC,2022-06-02 18:58:48,-20.65,166.5333,75.58,74,100,15.52,overcast clouds
595,Clovis,US,2022-06-02 18:58:48,36.8252,-119.7029,89.83,26,100,4.0,overcast clouds
596,Pingzhuang,CN,2022-06-02 18:58:49,42.0372,119.2889,69.98,30,90,8.99,overcast clouds
597,Jenbach,AT,2022-06-02 18:58:49,47.4013,11.7406,56.86,96,84,1.41,broken clouds
598,Bahia Blanca,AR,2022-06-02 18:55:19,-38.7196,-62.2724,50.86,43,9,1.61,clear sky
599,Charlottesville,US,2022-06-02 18:55:43,38.0293,-78.4767,94.12,52,100,9.42,overcast clouds
600,Chenzhou,CN,2022-06-02 18:59:50,25.8,113.0333,76.1,93,99,5.01,overcast clouds
601,Ostrovnoy,RU,2022-06-02 18:59:50,68.0531,39.5131,46.62,68,100,14.74,overcast clouds
602,Tongchuan,CN,2022-06-02 18:59:51,35.0806,109.0897,71.58,52,2,4.92,clear sky
603,Norsup,VU,2022-06-02 18:59:51,-16.0667,167.3833,78.13,85,34,5.55,scattered clouds
604,Wanlaweyn,SO,2022-06-02 18:59:51,2.6185,44.8938,76.06,81,76,15.12,broken clouds
605,Somerset West,ZA,2022-06-02 18:56:21,-34.084,18.8211,59.88,74,0,5.59,clear sky
606,Maymyo,MM,2022-06-02 18:59:52,22.0333,96.4667,66.72,89,97,1.57,overcast clouds
607,Camalu,MX,2022-06-02 18:59:53,30.85,-116.0667,69.89,63,10,9.75,clear sky
608,Tecoanapa,MX,2022-06-02 18:59:53,16.5167,-98.75,84.24,67,83,11.05,broken clouds
609,Ustupo,PA,2022-06-02 18:59:53,9.1333,-77.9333,86.41,65,100,10.33,overcast clouds
610,Banda Aceh,ID,2022-06-02 18:59:54,5.5577,95.3222,76.93,88,96,16.24,light rain
611,Alamosa,US,2022-06-02 18:59:54,37.4695,-105.87,71.87,21,2,2.84,clear sky
612,Dongkan,CN,2022-06-02 18:59:55,33.9997,119.8308,70.93,86,70,7.38,broken clouds
613,Leh,IN,2022-06-02 18:59:55,34.1667,77.5833,48.81,35,11,6.06,few clouds
614,Huaihua,CN,2022-06-02 18:59:55,27.5494,109.9592,74.41,99,100,2.13,light rain
615,Boguchany,RU,2022-06-02 18:59:56,58.3814,97.4531,42.62,95,100,12.44,light rain
616,Palmerston,AU,2022-06-02 18:59:56,-12.486,130.9833,76.98,92,16,5.75,few clouds
617,Kataysk,RU,2022-06-02 18:59:56,56.289,62.5841,58.68,68,77,9.71,broken clouds
618,Svilengrad,BG,2022-06-02 18:59:57,41.7667,26.2,70.86,64,0,3.51,clear sky
619,Tucumcari,US,2022-06-02 18:59:57,35.1717,-103.725,66.94,53,79,6.13,broken clouds
620,Revelstoke,CA,2022-06-02 18:59:57,50.9832,-118.2023,57.22,58,100,0.0,overcast clouds
621,Gonzalez,US,2022-06-02 18:59:58,30.5816,-87.2914,91.65,63,44,1.01,scattered clouds
622,Shu,KZ,2022-06-02 18:59:59,43.5983,73.7614,64.04,72,100,3.6,overcast clouds
623,Vanersborg,SE,2022-06-02 18:59:59,58.3807,12.3234,57.15,72,75,11.5,broken clouds
624,Sao Miguel Do Araguaia,BR,2022-06-02 19:00:00,-13.275,-50.1628,93.13,24,64,4.72,broken clouds
625,Amritsar,IN,2022-06-02 19:00:00,31.6331,74.8656,93.02,30,2,2.3,haze
626,Sapa,PH,2022-06-02 19:00:01,5.1544,120.3241,82.15,76,100,5.77,overcast clouds
627,Teya,RU,2022-06-02 19:00:01,60.3778,92.6267,34.25,93,39,5.68,scattered clouds
628,Saldanha,ZA,2022-06-02 19:00:02,-33.0117,17.9442,58.19,78,0,12.26,clear sky
629,Ovalle,CL,2022-06-02 19:00:03,-30.5983,-71.2003,62.6,42,100,3.74,overcast clouds
630,Meiganga,CM,2022-06-02 19:00:05,6.5167,14.3,66.51,92,11,4.47,light rain
631,Poum,NC,2022-06-02 19:00:05,-20.2333,164.0167,73.85,73,100,11.92,overcast clouds
632,Oussouye,SN,2022-06-02 19:00:06,12.485,-16.5469,81.66,64,75,11.07,broken clouds
633,Huarmey,PE,2022-06-02 19:00:07,-10.0681,-78.1522,69.6,69,81,10.51,broken clouds
634,Orchard Homes,US,2022-06-02 19:00:07,46.8633,-114.0484,73.6,40,66,5.99,broken clouds
635,Urengoy,RU,2022-06-02 19:00:08,65.9667,78.3667,32.43,93,99,18.37,overcast clouds
636,Auki,SB,2022-06-02 19:00:10,-8.7676,160.7034,77.67,88,44,4.07,scattered clouds
637,Bahir Dar,ET,2022-06-02 19:00:10,11.5936,37.3908,71.46,58,93,6.04,light rain
638,Kropotkin,RU,2022-06-02 19:00:11,45.4375,40.5756,71.28,61,3,9.82,clear sky
639,Yanam,IN,2022-06-02 19:00:12,16.7333,82.2167,83.21,80,7,5.08,clear sky
640,Lata,PT,2022-06-02 19:00:12,40.1629,-8.3327,62.65,81,80,5.26,light rain
641,Remetea,RO,2022-06-02 19:01:13,46.7833,25.45,58.53,89,100,2.68,overcast clouds
642,Houma,US,2022-06-02 18:59:50,29.5958,-90.7195,90.01,64,29,4.0,scattered clouds
643,San Cristobal,VE,2022-06-02 19:01:14,7.7669,-72.225,87.26,29,77,8.95,broken clouds
644,Peniche,PT,2022-06-02 19:01:14,39.3558,-9.3811,68.56,77,2,14.83,clear sky
645,Sumbe,AO,2022-06-02 19:01:14,-11.2061,13.8437,72.32,89,88,7.72,overcast clouds
646,Baindur,IN,2022-06-02 19:01:15,13.8667,74.6333,81.55,83,68,5.64,broken clouds
647,Eyemouth,GB,2022-06-02 19:00:50,55.8713,-2.0901,54.12,85,100,9.53,overcast clouds
648,Grand Baie,MU,2022-06-02 18:59:07,-20.0182,57.5802,73.87,77,5,7.0,clear sky
649,Upata,VE,2022-06-02 19:01:15,8.0086,-62.3989,83.19,80,100,4.5,overcast clouds
650,Gobabis,NA,2022-06-02 19:01:16,-22.45,18.9667,51.55,27,0,12.46,clear sky
651,Yoichi,JP,2022-06-02 19:01:16,43.2039,140.7703,51.78,92,46,3.33,scattered clouds
652,Belyy Yar,RU,2022-06-02 19:01:17,53.6039,91.3903,47.86,66,0,8.95,clear sky
653,Tual,ID,2022-06-02 19:01:17,-5.6667,132.75,83.71,74,16,10.29,few clouds
654,Inta,RU,2022-06-02 19:01:18,66.0317,60.1659,37.35,44,0,12.12,clear sky
655,Alora,ES,2022-06-02 19:01:18,36.8236,-4.7058,80.49,44,51,4.81,broken clouds
656,Zaysan,KZ,2022-06-02 19:01:18,47.4667,84.8667,48.42,48,7,8.14,clear sky
657,Parlakimidi,IN,2022-06-02 19:01:19,18.7667,84.0833,82.89,88,31,3.78,scattered clouds
658,Staryy Nadym,RU,2022-06-02 19:01:19,65.6118,72.6842,30.29,84,100,24.11,overcast clouds
659,Eyl,SO,2022-06-02 19:01:20,7.9803,49.8164,79.21,79,99,23.73,overcast clouds
660,Ushtobe,KZ,2022-06-02 19:01:20,45.2514,77.9838,61.45,33,100,10.16,overcast clouds
661,Aktash,RU,2022-06-02 19:01:20,50.3,87.7333,26.92,88,13,3.8,few clouds
662,Yar-Sale,RU,2022-06-02 19:01:21,66.8333,70.8333,30.72,73,100,24.02,overcast clouds
663,Casablanca,MA,2022-06-02 19:00:04,33.5928,-7.6192,73.62,68,1,5.99,clear sky
664,Dezhou,CN,2022-06-02 19:00:21,37.4486,116.2925,76.46,32,100,6.33,overcast clouds
665,Lebanon,US,2022-06-02 18:59:01,36.2081,-86.2911,86.16,68,60,7.27,broken clouds
666,Shemonaikha,KZ,2022-06-02 19:01:22,50.6328,81.9056,52.79,52,100,5.06,overcast clouds
667,Balikpapan,ID,2022-06-02 19:01:22,-1.2675,116.8289,76.39,89,99,1.34,overcast clouds
668,Batemans Bay,AU,2022-06-02 19:01:23,-35.7167,150.1833,46.09,80,100,5.91,overcast clouds
669,Mount Gambier,AU,2022-06-02 19:01:23,-37.8333,140.7667,46.8,69,100,9.82,overcast clouds
670,Helong,CN,2022-06-02 19:01:24,42.5397,128.9972,47.86,92,100,1.99,overcast clouds
671,Nenjiang,CN,2022-06-02 19:01:24,49.1833,125.2167,50.29,91,45,4.68,scattered clouds
672,Birao,CF,2022-06-02 19:01:24,10.2849,22.7882,87.03,32,99,4.99,overcast clouds
673,George,ZA,2022-06-02 19:01:25,-33.963,22.4617,54.12,80,82,3.65,broken clouds
674,Jinchang,CN,2022-06-02 19:01:25,38.4953,102.1739,62.37,69,100,2.91,moderate rain
675,Nsanje,MW,2022-06-02 19:01:26,-16.92,35.262,61.88,97,28,3.29,scattered clouds
676,Parkes,AU,2022-06-02 19:00:10,-33.1333,148.1833,44.35,83,100,4.14,overcast clouds
677,Bardiyah,LY,2022-06-02 19:01:26,31.7561,25.0865,73.56,70,0,12.73,clear sky
678,Yatou,CN,2022-06-02 19:01:27,37.15,122.3833,65.91,96,81,9.42,broken clouds
679,Tiszabo,HU,2022-06-02 19:01:27,47.3,20.4833,75.24,68,17,6.55,few clouds
680,Alta Gracia,AR,2022-06-02 19:01:25,-31.6529,-64.4283,59.88,33,11,9.66,few clouds
681,Kita,ML,2022-06-02 19:01:28,13.0349,-9.4895,95.25,28,100,8.32,overcast clouds
682,Vitim,RU,2022-06-02 19:01:28,59.4511,112.5578,52.81,64,100,4.9,overcast clouds
683,Vangaindrano,MG,2022-06-02 19:01:29,-23.35,47.6,67.39,81,92,9.42,light rain
684,Palmeira,BR,2022-06-02 19:01:29,-25.4294,-50.0064,55.6,98,100,4.81,overcast clouds
685,Karratha,AU,2022-06-02 19:01:29,-20.7377,116.8463,63.75,66,4,12.86,clear sky
686,Kamina,CD,2022-06-02 19:01:30,-8.7386,24.9906,64.35,62,94,4.79,overcast clouds
687,Ulkan,RU,2022-06-02 19:02:30,57.243,107.3223,53.06,87,100,7.34,overcast clouds
688,Lircay,PE,2022-06-02 19:02:31,-12.9896,-74.7205,54.97,55,82,4.61,broken clouds
689,Coari,BR,2022-06-02 19:02:31,-4.085,-63.1414,81.68,78,100,0.49,overcast clouds
690,Nakamura,JP,2022-06-02 19:02:32,32.9833,132.9333,60.64,93,4,3.38,clear sky
691,Phangnga,TH,2022-06-02 19:02:32,8.4509,98.5298,80.64,94,71,2.75,broken clouds
692,Kaeo,NZ,2022-06-02 19:02:33,-35.1,173.7833,55.33,94,46,12.41,scattered clouds
693,Maniitsoq,GL,2022-06-02 19:02:33,65.4167,-52.9,41.74,64,5,4.72,clear sky
694,Baykit,RU,2022-06-02 19:02:33,61.67,96.37,47.03,91,100,3.96,light rain
695,Dubai,AE,2022-06-02 19:00:52,25.2582,55.3047,85.21,70,0,4.34,clear sky
696,Agdam,AZ,2022-06-02 19:02:34,39.991,46.9274,71.65,61,8,5.19,clear sky
697,Boden,SE,2022-06-02 19:02:35,65.8252,21.6886,53.6,93,100,7.25,moderate rain
698,Camalote,HN,2022-06-02 19:02:35,15.3333,-88.3333,93.97,40,100,3.91,overcast clouds
699,Royan,FR,2022-06-02 19:02:35,45.6285,-1.0281,70.83,84,3,9.17,clear sky
700,Vada,NL,2022-06-02 19:02:36,51.97,5.6667,63.34,54,100,5.75,overcast clouds
701,Aykhal,RU,2022-06-02 19:02:36,66.0,111.5,49.44,70,77,8.01,broken clouds
702,Sitka,US,2022-06-02 19:02:37,57.0531,-135.33,64.56,56,100,4.92,overcast clouds
703,Simao,CN,2022-06-02 19:02:37,22.7886,100.9748,63.64,99,100,2.51,overcast clouds
704,Spruce Grove,CA,2022-06-02 19:00:13,53.5334,-113.9187,68.97,21,4,6.73,clear sky
705,Honningsvag,NO,2022-06-02 19:02:37,70.9821,25.9704,55.15,67,20,2.3,few clouds
706,Vizinga,RU,2022-06-02 19:02:38,61.0749,50.1031,58.87,82,48,1.28,scattered clouds
707,Zemio,CF,2022-06-02 19:02:38,5.0314,25.1361,72.41,85,67,0.56,light rain
708,Mountrath,IE,2022-06-02 19:02:39,52.9989,-7.4728,54.45,91,100,7.07,overcast clouds
709,Bandikui,IN,2022-06-02 19:02:39,27.05,76.5667,97.75,14,79,6.71,broken clouds
710,Bud,US,2022-06-02 19:02:40,39.447,-86.1758,76.98,56,100,8.1,overcast clouds
711,Nizhniy Tsasuchey,RU,2022-06-02 19:02:40,50.5167,115.1333,51.98,87,100,4.99,light rain
712,Tete,MZ,2022-06-02 19:02:41,-16.1564,33.5867,67.15,60,14,6.29,few clouds
713,Aksaray,TR,2022-06-02 19:02:41,38.3726,34.0254,71.58,57,3,8.81,clear sky
714,Yambio,SS,2022-06-02 19:02:41,4.5721,28.3955,68.59,95,78,2.13,broken clouds
715,Mingaora,PK,2022-06-02 18:58:43,34.7758,72.3625,71.78,34,5,8.16,clear sky
716,Muniz Freire,BR,2022-06-02 19:02:42,-20.4642,-41.4131,78.85,54,4,1.21,clear sky
